Workbook

Sheet Calculator
A1: Cellular data budget calculator
A2: Edit the yellow cells. Everything else recalculates.
A4: INPUTS
A5: Bird detections per day | B5: 250 | C5: Individual detections sent one per record.
A6: Bat records per day | B6: 50 | C6: Aggregated: one record per recording, not per ping.
A7: Bytes per bird record | B7: 7 | C7: species u16 + confidence u8 + timestamp u32.
A8: Bytes per bat record | B8: 8 | C8: As bird, plus a 1-byte count.
A9: Session overhead (bytes) | B9: 1050 | C9: DNS + TCP + MQTT connect + headers + teardown. See Reference.
A10: Sessions per day | B10: 24 | C10: 24 = hourly. 1 = a single daily push.
A11: Billing rounding unit (bytes) | B11: 1024 | C11: 1NCE meters in 1 kB. Set 0 for no rounding.
A12: Modem-on per session (seconds) | B12: 45 | C12: Registration + publish + teardown. Rough.
A13: Deployment length (years) | B13: 10 | C13: 1NCE SIM lifetime.
A14: SIM allowance (MB) | B14: 500 | C14: 1NCE: 500 MB per SIM, does not pool across SIMs.
A16: RESULTS
A17: Payload per day (bytes) | B17: =B5*B7+B6*B8 -> 2150
A18: Session overhead per day (bytes) | B18: =B10*B9 -> 25200
A19: Actual data per day (bytes) | B19: =B17+B18 -> 27350
A20: Billed data per day (bytes) | B20: =IF(B10=0,0,IF(B11=0,B19,B10*CEILING(B9+B17/B10,B11))) -> 49152
A21: Bytes per session (actual) | B21: =IF(B10=0,0,B19/B10) -> 1139.5833
A22: Overhead share of traffic | B22: =IF(B19=0,0,B18/B19) -> 0.9213894
A23: Data per year (MB) | B23: =B20*365/1048576 -> 17.109375
A24: Data over deployment (MB) | B24: =B23*B13 -> 171.09375
A25: Share of SIM allowance | B25: =IF(B14=0,0,B24/B14) -> 0.3421875
A26: Headroom remaining (MB) | B26: =B14-B24 -> 328.90625
A27: Modem-on per day (minutes) | B27: =B10*B12/60 -> 18
A28: Modem-on per year (hours) | B28: =B27*365/60 -> 109.5
A30: Verdict
A31: =IF(B24>B14,"Over budget - reduce sessions per day.",IF(B24>B14*0.6,"Tight - workable but little margin.","Comfortable.")) -> Comfortable.
A33: Worked example (defaults above): 250 bird + 50 bat records/day, hourly sends.
A34: Payload is 2,150 B/day; overhead is 25,200 B/day. Cadence drives the bill, not payload.

Sheet Scenarios
A1: Batching cadence comparison
A2: Driven by the payload and overhead inputs on the Calculator sheet. Change those and this updates.
A4: Cadence | B4: Sessions/day | C4: Actual B/day | D4: Billed B/day | E4: MB/year | F4: MB over deployment | G4: % of allowance | H4: Modem-on min/day | I4: Saving vs hourly (MB)
A5: Every detection | B5: =Calculator!$B$5+Calculator!$B$6 -> 300 | C5: =Calculator!$B$17+B5*Calculator!$B$9 -> 317150 | D5: =IF(B5=0,0,IF(Calculator!$B$11=0,C5,B5*CEILING(Calculator!$B$9+Calculator!$B$17/B5,Calculator!$B$11))) -> 614400 | E5: =D5*365/1048576 -> 213.86719 | F5: =E5*Calculator!$B$13 -> 2138.6719 | G5: =IF(Calculator!$B$14=0,0,F5/Calculator!$B$14) -> 4.2773438 | H5: =B5*Calculator!$B$12/60 -> 225 | I5: =$F$8-F5 -> -1967.5781
A6: Every 15 minutes | B6: 96 | C6: =Calculator!$B$17+B6*Calculator!$B$9 -> 102950 | D6: =IF(B6=0,0,IF(Calculator!$B$11=0,C6,B6*CEILING(Calculator!$B$9+Calculator!$B$17/B6,Calculator!$B$11))) -> 196608 | E6: =D6*365/1048576 -> 68.4375 | F6: =E6*Calculator!$B$13 -> 684.375 | G6: =IF(Calculator!$B$14=0,0,F6/Calculator!$B$14) -> 1.36875 | H6: =B6*Calculator!$B$12/60 -> 72 | I6: =$F$8-F6 -> -513.28125
A7: Every 30 minutes | B7: 48 | C7: =Calculator!$B$17+B7*Calculator!$B$9 -> 52550 | D7: =IF(B7=0,0,IF(Calculator!$B$11=0,C7,B7*CEILING(Calculator!$B$9+Calculator!$B$17/B7,Calculator!$B$11))) -> 98304 | E7: =D7*365/1048576 -> 34.21875 | F7: =E7*Calculator!$B$13 -> 342.1875 | G7: =IF(Calculator!$B$14=0,0,F7/Calculator!$B$14) -> 0.684375 | H7: =B7*Calculator!$B$12/60 -> 36 | I7: =$F$8-F7 -> -171.09375
A8: Hourly | B8: 24 | C8: =Calculator!$B$17+B8*Calculator!$B$9 -> 27350 | D8: =IF(B8=0,0,IF(Calculator!$B$11=0,C8,B8*CEILING(Calculator!$B$9+Calculator!$B$17/B8,Calculator!$B$11))) -> 49152 | E8: =D8*365/1048576 -> 17.109375 | F8: =E8*Calculator!$B$13 -> 171.09375 | G8: =IF(Calculator!$B$14=0,0,F8/Calculator!$B$14) -> 0.3421875 | H8: =B8*Calculator!$B$12/60 -> 18 | I8: =$F$8-F8 -> 0
A9: Every 4 hours | B9: 6 | C9: =Calculator!$B$17+B9*Calculator!$B$9 -> 8450 | D9: =IF(B9=0,0,IF(Calculator!$B$11=0,C9,B9*CEILING(Calculator!$B$9+Calculator!$B$17/B9,Calculator!$B$11))) -> 12288 | E9: =D9*365/1048576 -> 4.2773438 | F9: =E9*Calculator!$B$13 -> 42.773438 | G9: =IF(Calculator!$B$14=0,0,F9/Calculator!$B$14) -> 0.085546875 | H9: =B9*Calculator!$B$12/60 -> 4.5 | I9: =$F$8-F9 -> 128.32031
A10: Twice daily (08:00, 20:00) | B10: 2 | C10: =Calculator!$B$17+B10*Calculator!$B$9 -> 4250 | D10: =IF(B10=0,0,IF(Calculator!$B$11=0,C10,B10*CEILING(Calculator!$B$9+Calculator!$B$17/B10,Calculator!$B$11))) -> 6144 | E10: =D10*365/1048576 -> 2.1386719 | F10: =E10*Calculator!$B$13 -> 21.386719 | G10: =IF(Calculator!$B$14=0,0,F10/Calculator!$B$14) -> 0.042773437 | H10: =B10*Calculator!$B$12/60 -> 1.5 | I10: =$F$8-F10 -> 149.70703
A11: Once daily (08:00) | B11: 1 | C11: =Calculator!$B$17+B11*Calculator!$B$9 -> 3200 | D11: =IF(B11=0,0,IF(Calculator!$B$11=0,C11,B11*CEILING(Calculator!$B$9+Calculator!$B$17/B11,Calculator!$B$11))) -> 4096 | E11: =D11*365/1048576 -> 1.4257812 | F11: =E11*Calculator!$B$13 -> 14.257812 | G11: =IF(Calculator!$B$14=0,0,F11/Calculator!$B$14) -> 0.028515625 | H11: =B11*Calculator!$B$12/60 -> 0.75 | I11: =$F$8-F11 -> 156.83594
A12: Daily push + hourly daytime | B12: 13 | C12: =Calculator!$B$17+B12*Calculator!$B$9 -> 15800 | D12: =IF(B12=0,0,IF(Calculator!$B$11=0,C12,B12*CEILING(Calculator!$B$9+Calculator!$B$17/B12,Calculator!$B$11))) -> 26624 | E12: =D12*365/1048576 -> 9.2675781 | F12: =E12*Calculator!$B$13 -> 92.675781 | G12: =IF(Calculator!$B$14=0,0,F12/Calculator!$B$14) -> 0.18535156 | H12: =B12*Calculator!$B$12/60 -> 9.75 | I12: =$F$8-F12 -> 78.417969
A15: Notes
A16: 'Every detection' opens one session per record - it is here to show why that option is off the table, not as a candidate.
A17: 'Daily push + hourly daytime' = one 08:00 push carrying the night's bat records, then hourly sends through 12 daylight hours.
A18: Payload is identical in every row. The only thing changing is how many times the modem registers on the network.
A19: Saving vs hourly is per device. Multiply by fleet size for the total, but note each SIM has its own allowance.

Sheet Reference
A1: Where the numbers come from
A2: Estimates from protocol sizes, not measured traffic. Validate with a test SIM before committing a fleet.
A4: Session overhead breakdown
A5: DNS lookup | B5: 350 | C5: Removable: pin the broker IP in config.
A6: TCP handshake | B6: 180
A7: MQTT CONNECT + CONNACK | B7: 190 | C7: Includes username/password.
A8: PUBLISH headers + PUBACK | B8: 130 | C8: QoS 1.
A9: DISCONNECT + teardown | B9: 200
A10: Total | B10: =SUM(B5:B9) -> 1050 | C10: Matches the Calculator default. TLS would add ~2-4 kB per session.
A12: Payload per bird detection, by encoding
A13: acoupi default JSON | B13: 250 | C13: Full model output: model name, file path, bounding box, nested tags.
A14: Compact JSON | B14: 35 | C14: {"s":2441,"c":0.82,"t":1752710400}
A15: Packed binary | B15: 7 | C15: Current spec: species u16 + confidence u8 + timestamp u32.
A16: Bit-stacked | B16: 4 | C16: See below.
A18: Bit stacking
A19: Field | B19: Now (bits) | C19: Could be (bits) | D19: Why
A20: Species | B20: 16 | C20: 13 | D20: BirdNET 2.4 has ~6,500 classes. A UK-restricted list (~600) needs 10.
A21: Confidence | B21: 8 | C21: 4 | D21: 0.05 steps across 0.30-1.00 is 14 values. 7 bits for 0.01 resolution.
A22: Timestamp | B22: 32 | C22: 12 | D22: One absolute base per batch, then per-record offset in seconds (an hour fits 12 bits).
A23: Bat count | B23: 8 | C23: 8 | D23: Keep. 255 pings per recording is a realistic ceiling.
A24: Bird record total | B24: =B20+B21+B22 -> 56 | C24: =C20+C21+C22 -> 29 | D24: 29 bits -> 4 bytes padded, plus one 4-byte base timestamp per batch. ~43% off.
A27: Why bat detections are always aggregated
A28: Individual detections | B28: 345000 | C28: A dense night: ~3,600/hour over 12 hours = 43,200 records.
A29: Count per recording | B29: 400 | C29: 50 recordings per night.
A30: Count per species per hour | B30: 288 | C30: 3 species over 12 hours.
A32: Individual bat detections would use ~126 MB/year on payload alone - a quarter of the
A33: lifetime allowance before any overhead. Each AT-interface publish also takes 1-2 s, so
A34: 43,200 individual publishes cannot fit in the night they were collected in.
A36: Tariff
A37: 1NCE | B37: EUR 12 per SIM, 10 years, 500 MB + 250 SMS, metered in 1 kB units.
B38: Everything inside the GTP tunnel counts: IP, TCP, MQTT overhead and payload.
B39: Allowances do not pool - 20 devices means 20 separate 500 MB SIMs (EUR 240).
A40: KeySIM | B40: ~GBP 3/SIM/month rental plus GBP 0.003/MB. ~GBP 7,200 for 20 SIMs over 10 years.
A41: Open risk | B41: Coverage, not cost. 1NCE roams on partner networks; the site is rural.
B42: Test one SIM on site, and confirm the roaming agreement covers LTE Cat-1 (A7670E).
